2025,Sweetest Stache,Andrew,Cumbee,Lazerwolf
2024,Sweetest Stache,Charlie,Wilkins,
2023,Sweetest Stache,Noe,Guardado,
2022,Sweetest Stache,Jeff,Hardy,
2021,Sweetest Stache,Nick,Phillips,
2020,Sweetest Stache,,,No winner due to Covid
2019,Sweetest Stache,Greg,Graham,
2018,Sweetest Stache,Eric,DePue,
2017,Sweetest Stache,Benny,Chandler,"""The King"""
2016,Sweetest Stache,Rob,Steele,
2015,Sweetest Stache,Ian,Rennels,
2014,Sweetest Stache,Ryan,Herrick,
2013,Sweetest Stache,Shahab,Abdessalam,
2012,Sweetest Stache,Tom,Rosencrans,
2011,Sweetest Stache,Chuck,Whitney,
2010,Sweetest Stache,Jared,Long,
2009,Sweetest Stache,Jay,Slagle,
2025,Most Fundraisingest,Cory,Lesley,
2024,Most Fundraisingest,Cory,Lesley,
2023,Most Fundraisingest,Cory,Lesley,
2022,Most Fundraisingest,Brian,Moore,
2021,Most Fundraisingest,Brian,Moore,
2020,Most Fundraisingest,Tyson,Wiegel,
2019,Most Fundraisingest,Jon,Meyers,ZEEK
2018,Most Fundraisingest,Chad,Ingersoll,
2017,Most Fundraisingest,Wayne,Lewis,
2016,Most Fundraisingest,Chad,Ingersoll,
2015,Most Fundraisingest,Chad,Ingersoll,
2014,Most Fundraisingest,Chad,Ingersoll,
2013,Most Fundraisingest,Chad,Ingersoll,
2012,Most Fundraisingest,Chad,Ingersoll,
2011,Most Fundraisingest,Mike,Lebens,
2010,Most Fundraisingest,Rob,Seward,
2009,Most Fundraisingest,Jay,Slagle,
2025,Most Testosterone,Jeff,Purcell,
2024,Most Testosterone,Nick,Phillips,
2023,Most Testosterone,Doug,Couron,
2022,Most Testosterone,John,Leyhotak,
2021,Most Testosterone,Josh,Knop,
2020,Most Testosterone,Bryon,Steffensmeier,
2019,Most Testosterone,Zach,Rennels,
2018,Most Testosterone,Bern,Mendick,
2017,Most Testosterone,Matt,Tennant,
2016,Most Testosterone,James,Thiele,
2015,Most Testosterone,Eric,DePue,
2014,Most Testosterone,Dave,Hobza,
2013,Most Testosterone,Ian,Rennels,
2012,Most Testosterone,Shane,Waters,
2011,Most Testosterone,Matt,Steinbrink,
2010,Most Testosterone,Ryan,Asbury,
2009,Most Testosterone,David,Minderman,
2025,Best Costume,Andrew,Galvin,and Joe Hawk
2024,Best Costume,Jeff,Hardy,and Tom Rosencrans
2023,Best Costume,Doug,Seamen,
2022,Best Costume,Ron,Bosworth,and Crew
2021,Best Costume,Ron,Bosworth,
2020,Best Costume,,,No winner due to Covid
2019,Best Costume,Benny,Chandler,"""The King"""
2018,Best Costume,Shahab,Abdessalam,and Friends
2017,Best Costume,Ron,Bosworth,
2016,Best Costume,Ron,Bosworth,
2015,Best Costume,Benny,Chandler,"""The King"""
2014,Best Costume,Warren,Wells,
2013,Best Costume,Ryan,Herrick,
2012,Best Costume,Tavis,Hein,
2011,Best Costume,Jay,Slagle,
2010,Best Costume,Adam,Perez,
2009,Best Costume,Kevin,Covi,
2025,Rookie of the Year,Eric,Dinslage,
2024,Rookie of the Year,Jordan,Pietzmeier,
2023,Rookie of the Year,Jace,Morris,
2022,Rookie of the Year,Mark,Dethlefs,
2021,Rookie of the Year,Warren,Whitted,
2020,Rookie of the Year,Charlie,Wilkins,
2019,Rookie of the Year,Nick,Phillips,
2018,Rookie of the Year,Guy,Rudloff,
2017,Rookie of the Year,John,Norman,
2016,Rookie of the Year,Wayne,Lewis,
2015,Rookie of the Year,Brian,Jones,
2014,Rookie of the Year,Rob,Steele,
2025,Best Mustache Name,Sean,Graves,Reginald Kelsey Graham Cracker Crumbs
2024,Best Mustache Name,Nick,Bellenbaum,Bottomless Momoa
2023,Best Mustache Name,Zach,Packett,Who the Hell is Zach Packett?
2022,Best Mustache Name,David,Dvorak,The Wedding is Off
2021,Best Mustache Name,Andrew,Hubbard,Microwaved Nachos
2020,Best Mustache Name,Cliff,McEvoy,Between My Nose and Where the Bacon Goes
2019,Best Mustache Name,,,No Winner
2018,Best Mustache Name,Mike,Altschuld,Strip Club Cheeseburger
2017,Best Mustache Name,Bern,Mendick,The Nard Dog
2016,Best Mustache Name,Kirk,Rohman,The Uninsurable Risk
2015,Best Mustache Name,James,Thiele,Bohemian Majesty
2014,Best Mustache Name,Matt,Folkerts,My Girlfriend's Boyfriend
2013,Best Mustache Name,Bob,Wilson,Cochese McThird Brow
2012,Best Mustache Name,Benny,Wallace,The Sterling Falcon
2025,Jen Rudd Lady of the Year,Denise,Meyers,
2024,Jen Rudd Lady of the Year,Susan,Couron,
2023,Jen Rudd Lady of the Year,Beth,Phillips,
2022,Jen Rudd Lady of the Year,Julie,Weremy,
2021,Jen Rudd Lady of the Year,Megan,Moffet,
2020,Jen Rudd Lady of the Year,,,No winner due to Covid
2019,Jen Rudd Lady of the Year,Audrey,Ideus,
2018,Jen Rudd Lady of the Year,Katie,Herrick,
2017,Jen Rudd Lady of the Year,Kacey,Wandrey,
2016,Jen Rudd Lady of the Year,Laura,Bartlett,
2015,Jen Rudd Lady of the Year,Val,Pope,
2025,Nastiest Stache,Will,Isham,
2024,Nastiest Stache,Chris,Mathiasen,
2023,Nastiest Stache,Steve,Arquitte,
2022,Nastiest Stache,Shawn,Cullinane,
2021,Nastiest Stache,Patrick,Wyman,
2020,Nastiest Stache,Jaymes,Sime,
2019,Nastiest Stache,Jacob,Carlson,
2018,Nastiest Stache,Bryce,Bares,
2017,Nastiest Stache,Kurt,Mehlin,
2016,Nastiest Stache,Grant,Orley,
2015,Nastiest Stache,Greg,Schwanke,
2014,Nastiest Stache,Bryan,Scherbring,
2013,Nastiest Stache,Jim,Eggleston,
2012,Nastiest Stache,Niel,Mcleoud,
2011,Nastiest Stache,Adam,Perez,
2010,Nastiest Stache,Tim,Seretta,
2009,Nastiest Stache,David,Hoy,Doc
